INSERT INTO Department (name, service_type) VALUES ('Development', 'Cloud');
INSERT INTO Department (name, service_type) VALUES ('QA', 'On-premises');
INSERT INTO Department (name, service_type) VALUES ('UI', 'Cloud');
INSERT INTO Department (name, service_type) VALUES ('Design', 'On-premises');
INSERT INTO Department (name, service_type) VALUES ('Business Intelligence', 'Cloud');
INSERT INTO Department (name, service_type) VALUES ('Networking', 'Cloud');
INSERT INTO Department (name, service_type) VALUES ('Sales', 'Cloud');
INSERT INTO Department (name, service_type) VALUES ('Production', 'On-premises');
INSERT INTO Department (name, service_type) VALUES ('R&D', 'Cloud');
INSERT INTO Department (name, service_type) VALUES ('Purchasing', 'Cloud');
INSERT INTO Department (name, service_type) VALUES ('Marketing', 'Cloud');
INSERT INTO Department (name, service_type) VALUES ('Human Resource Management', 'On-premises');
INSERT INTO Department (name, service_type) VALUES ('Accounting', 'On-premises');
INSERT INTO Department (name, service_type) VALUES ('Finance', 'On-premises');
INSERT INTO Department (name, service_type) VALUES ('Distribution', 'Cloud');
INSERT INTO Department (name, service_type) VALUES ('Service', 'Cloud');
INSERT INTO Department (name, service_type) VALUES ('Operations', 'Cloud');
INSERT INTO Department (name, service_type) VALUES ('Information Technology', 'Cloud');
INSERT INTO Department (name, service_type) VALUES ('Administration', 'On-premises');
INSERT INTO Department (name, service_type) VALUES ('Legal', 'On-premises');

INSERT INTO Business_Line (name) VALUES ('Consumer Banking');
INSERT INTO Business_Line (name) VALUES ('Small Business Banking');
INSERT INTO Business_Line (name) VALUES ('Mergers & Acquisitions');
INSERT INTO Business_Line (name) VALUES ('Property & Casualty Insurance');
INSERT INTO Business_Line (name) VALUES ('Reinsurance');
INSERT INTO Business_Line (name) VALUES ('Retail Brokerage');
INSERT INTO Business_Line (name) VALUES ('Wealth Management');
INSERT INTO Business_Line (name) VALUES ('Large Accounts');
INSERT INTO Business_Line (name) VALUES ('Document Management');
INSERT INTO Business_Line (name) VALUES ('Tracking');
INSERT INTO Business_Line (name) VALUES ('E-Commerce');
INSERT INTO Business_Line (name) VALUES ('Investments');
INSERT INTO Business_Line (name) VALUES ('Clothing');
INSERT INTO Business_Line (name) VALUES ('Sports Accessories');
INSERT INTO Business_Line (name) VALUES ('Entertainment');
INSERT INTO Business_Line (name) VALUES ('Contracts');
INSERT INTO Business_Line (name) VALUES ('Repairs');
INSERT INTO Business_Line (name) VALUES ('Hiring');
INSERT INTO Business_Line (name) VALUES ('Education');
INSERT INTO Business_Line (name) VALUES ('Shipping');

INSERT INTO Contract_Type (name) VALUES ('Premium');
INSERT INTO Contract_Type (name) VALUES ('Gold');
INSERT INTO Contract_Type (name) VALUES ('Diamond');
INSERT INTO Contract_Type (name) VALUES ('Silver');

INSERT INTO Deliverable (number, is_final, due_date, contract_type) VALUES (1, FALSE, 3, 'Premium');
INSERT INTO Deliverable (number, is_final, due_date, contract_type) VALUES (2, FALSE, 5, 'Premium');
INSERT INTO Deliverable (number, is_final, due_date, contract_type) VALUES (3, TRUE, 10, 'Premium');
INSERT INTO Deliverable (number, is_final, due_date, contract_type) VALUES (1, FALSE, 6, 'Diamond');
INSERT INTO Deliverable (number, is_final, due_date, contract_type) VALUES (2, FALSE, 11, 'Diamond');
INSERT INTO Deliverable (number, is_final, due_date, contract_type) VALUES (3, TRUE, 18, 'Diamond');
INSERT INTO Deliverable (number, is_final, due_date, contract_type) VALUES (1, FALSE, 8, 'Gold');
INSERT INTO Deliverable (number, is_final, due_date, contract_type) VALUES (2, FALSE, 14, 'Gold');
INSERT INTO Deliverable (number, is_final, due_date, contract_type) VALUES (3, TRUE, 20, 'Gold');
INSERT INTO Deliverable (number, is_final, due_date, contract_type) VALUES (1, FALSE, 5, 'Silver');
INSERT INTO Deliverable (number, is_final, due_date, contract_type) VALUES (2, FALSE, 15, 'Silver');
INSERT INTO Deliverable (number, is_final, due_date, contract_type) VALUES (3, FALSE, 20, 'Silver');
INSERT INTO Deliverable (number, is_final, due_date, contract_type) VALUES (4, TRUE, 28, 'Silver');

INSERT INTO Insurance_Plan (type, rate) VALUES ('Premium', 90);
INSERT INTO Insurance_Plan (type, rate) VALUES ('Silver', 80);
INSERT INTO Insurance_Plan (type, rate) VALUES ('Normal', 70);

INSERT INTO Role (name) VALUES ('Admin');
INSERT INTO Role (name) VALUES ('Employee');
INSERT INTO Role (name) VALUES ('Manager');
INSERT INTO Role (name) VALUES ('Sales Associate');
INSERT INTO Role (name) VALUES ('Client');
INSERT INTO Role (name) VALUES ('Guest');

INSERT INTO Province (name) VALUES ('Quebec');
INSERT INTO Province (name) VALUES ('Ontario');
INSERT INTO Province (name) VALUES ('Nova Scotia');
INSERT INTO Province (name) VALUES ('New Brunswick');
INSERT INTO Province (name) VALUES ('Manitoba');
INSERT INTO Province (name) VALUES ('British Columbia');
INSERT INTO Province (name) VALUES ('Prince Edward Island');
INSERT INTO Province (name) VALUES ('Saskatchewan');
INSERT INTO Province (name) VALUES ('Alberta');
INSERT INTO Province (name) VALUES ('Newfoundland and Labrador');
INSERT INTO Province (name) VALUES ('Yukon');
INSERT INTO Province (name) VALUES ('Northwest Territories');
INSERT INTO Province (name) VALUES ('Nunavut');

INSERT INTO City (name, province_name) VALUES ('Montreal', 'Quebec');
INSERT INTO City (name, province_name) VALUES ('Quebec City', 'Quebec');
INSERT INTO City (name, province_name) VALUES ('Ottawa', 'Ontario');
INSERT INTO City (name, province_name) VALUES ('Toronto', 'Ontario');
INSERT INTO City (name, province_name) VALUES ('Halifax', 'Nova Scotia');
INSERT INTO City (name, province_name) VALUES ('Fredericton', 'New Brunswick');
INSERT INTO City (name, province_name) VALUES ('Moncton', 'New Brunswick');
INSERT INTO City (name, province_name) VALUES ('Winnipeg', 'Manitoba');
INSERT INTO City (name, province_name) VALUES ('Victoria', 'British Columbia');
INSERT INTO City (name, province_name) VALUES ('Vancouver', 'British Columbia');
INSERT INTO City (name, province_name) VALUES ('Charlottetown', 'Prince Edward Island');
INSERT INTO City (name, province_name) VALUES ('Regina', 'Saskatchewan');
INSERT INTO City (name, province_name) VALUES ('Saskatoon', 'Saskatchewan');
INSERT INTO City (name, province_name) VALUES ('Moosejaw', 'Saskatchewan');
INSERT INTO City (name, province_name) VALUES ('Left Noob', 'Saskatchewan');
INSERT INTO City (name, province_name) VALUES ('Edmonton', 'Alberta');
INSERT INTO City (name, province_name) VALUES ('Calgary', 'Alberta');
INSERT INTO City (name, province_name) VALUES ('St. John\'s', 'Newfoundland and Labrador');
INSERT INTO City (name, province_name) VALUES ('Yellowknife', 'Yukon');
INSERT INTO City (name, province_name) VALUES ('Whitehorse', 'Northwest Territories');
INSERT INTO City (name, province_name) VALUES ('Iqaluit', 'Nunavut');

INSERT INTO Address (street_address, postal_code, city_id, province_name) VALUES ('123 Gold', 'H0H0H0', 1, 'Quebec');
INSERT INTO Address (street_address, postal_code, city_id, province_name) VALUES ('123 Gold', 'G0H0H0', 2, 'Quebec');
INSERT INTO Address (street_address, postal_code, city_id, province_name) VALUES ('123 Gold', 'K0H0H0', 3, 'Ontario');
INSERT INTO Address (street_address, postal_code, city_id, province_name) VALUES ('123 Gold', 'M0H0H0', 4, 'Ontario');
INSERT INTO Address (street_address, postal_code, city_id, province_name) VALUES ('123 Gold', 'B0H0H0', 5, 'Nova Scotia');
INSERT INTO Address (street_address, postal_code, city_id, province_name) VALUES ('123 Gold', 'E0H0H0', 6, 'New Brunswick');
INSERT INTO Address (street_address, postal_code, city_id, province_name) VALUES ('123 Gold', 'E0E0H0', 7, 'New Brunswick');
INSERT INTO Address (street_address, postal_code, city_id, province_name) VALUES ('123 Gold', 'R0H0H0', 8, 'Manitoba');
INSERT INTO Address (street_address, postal_code, city_id, province_name) VALUES ('123 Gold', 'V0H0H0', 9, 'British Columbia');
INSERT INTO Address (street_address, postal_code, city_id, province_name) VALUES ('123 Gold', 'V0V0H0', 10, 'British Columbia');
INSERT INTO Address (street_address, postal_code, city_id, province_name) VALUES ('123 Gold', 'C0H0H0', 11, 'Prince Edward Island');
INSERT INTO Address (street_address, postal_code, city_id, province_name) VALUES ('123 Gold', 'S0H0H0', 12, 'Saskatchewan');
INSERT INTO Address (street_address, postal_code, city_id, province_name) VALUES ('123 Gold', 'S0H1H0', 13, 'Saskatchewan');
INSERT INTO Address (street_address, postal_code, city_id, province_name) VALUES ('123 Gold', 'S0S0H0', 14, 'Saskatchewan');
INSERT INTO Address (street_address, postal_code, city_id, province_name) VALUES ('123 Gold', 'S0S1H0', 15, 'Saskatchewan');
INSERT INTO Address (street_address, postal_code, city_id, province_name) VALUES ('123 Gold', 'T0H0H0', 16, 'Alberta');
INSERT INTO Address (street_address, postal_code, city_id, province_name) VALUES ('123 Gold', 'T0T0H0', 17, 'Alberta');
INSERT INTO Address (street_address, postal_code, city_id, province_name) VALUES ('123 Gold', 'A0H0H0', 18, 'Newfoundland and Labrador');
INSERT INTO Address (street_address, postal_code, city_id, province_name) VALUES ('123 Gold', 'Y0H0H0', 19, 'Yukon');
INSERT INTO Address (street_address, postal_code, city_id, province_name) VALUES ('123 Gold', 'X0H0H0', 20, 'Northwest Territories');
INSERT INTO Address (street_address, postal_code, city_id, province_name) VALUES ('123 Gold', 'X0X0H0', 21, 'Nunavut');
INSERT INTO Address (street_address, postal_code, city_id, province_name) VALUES ('124 Gold', 'H0H0H0', 1, 'Quebec');
INSERT INTO Address (street_address, postal_code, city_id, province_name) VALUES ('124 Gold', 'G0H0H0', 2, 'Quebec');
INSERT INTO Address (street_address, postal_code, city_id, province_name) VALUES ('124 Gold', 'K0H0H0', 3, 'Ontario');
INSERT INTO Address (street_address, postal_code, city_id, province_name) VALUES ('124 Gold', 'M0H0H0', 4, 'Ontario');
INSERT INTO Address (street_address, postal_code, city_id, province_name) VALUES ('124 Gold', 'B0H0H0', 5, 'Nova Scotia');
INSERT INTO Address (street_address, postal_code, city_id, province_name) VALUES ('124 Gold', 'E0H0H0', 6, 'New Brunswick');
INSERT INTO Address (street_address, postal_code, city_id, province_name) VALUES ('124 Gold', 'E0E0H0', 7, 'New Brunswick');
INSERT INTO Address (street_address, postal_code, city_id, province_name) VALUES ('124 Gold', 'R0H0H0', 8, 'Manitoba');
INSERT INTO Address (street_address, postal_code, city_id, province_name) VALUES ('124 Gold', 'V0H0H0', 9, 'British Columbia');
INSERT INTO Address (street_address, postal_code, city_id, province_name) VALUES ('124 Gold', 'V0V0H0', 10, 'British Columbia');
INSERT INTO Address (street_address, postal_code, city_id, province_name) VALUES ('124 Gold', 'C0H0H0', 11, 'Prince Edward Island');
INSERT INTO Address (street_address, postal_code, city_id, province_name) VALUES ('124 Gold', 'S0H0H0', 12, 'Saskatchewan');
INSERT INTO Address (street_address, postal_code, city_id, province_name) VALUES ('124 Gold', 'S0H1H0', 13, 'Saskatchewan');
INSERT INTO Address (street_address, postal_code, city_id, province_name) VALUES ('124 Gold', 'S0S0H0', 14, 'Saskatchewan');
INSERT INTO Address (street_address, postal_code, city_id, province_name) VALUES ('124 Gold', 'S0S1H0', 15, 'Saskatchewan');
INSERT INTO Address (street_address, postal_code, city_id, province_name) VALUES ('124 Gold', 'T0H0H0', 16, 'Alberta');
INSERT INTO Address (street_address, postal_code, city_id, province_name) VALUES ('124 Gold', 'T0T0H0', 17, 'Alberta');
INSERT INTO Address (street_address, postal_code, city_id, province_name) VALUES ('124 Gold', 'A0H0H0', 18, 'Newfoundland and Labrador');
INSERT INTO Address (street_address, postal_code, city_id, province_name) VALUES ('124 Gold', 'Y0H0H0', 19, 'Yukon');
INSERT INTO Address (street_address, postal_code, city_id, province_name) VALUES ('124 Gold', 'X0H0H0', 20, 'Northwest Territories');
INSERT INTO Address (street_address, postal_code, city_id, province_name) VALUES ('124 Gold', 'X0X0H0', 21, 'Nunavut');
INSERT INTO Address (street_address, postal_code, city_id, province_name) VALUES ('12 Shaboo', 'H0H0H1', 1, 'Quebec');
INSERT INTO Address (street_address, postal_code, city_id, province_name) VALUES ('13 Drock', 'G0H0H1', 2, 'Quebec');
INSERT INTO Address (street_address, postal_code, city_id, province_name) VALUES ('23 Black', 'K0H0H1', 3, 'Ontario');
INSERT INTO Address (street_address, postal_code, city_id, province_name) VALUES ('23 Stick', 'M0H0H1', 4, 'Ontario');
INSERT INTO Address (street_address, postal_code, city_id, province_name) VALUES ('13 Neck', 'B0H0H1', 5, 'Nova Scotia');
INSERT INTO Address (street_address, postal_code, city_id, province_name) VALUES ('12 Hack', 'E0H0H1', 6, 'New Brunswick');
INSERT INTO Address (street_address, postal_code, city_id, province_name) VALUES ('13 Crack', 'E0E0H1', 7, 'New Brunswick');
INSERT INTO Address (street_address, postal_code, city_id, province_name) VALUES ('23 Mick', 'R0H0H1', 8, 'Manitoba');
INSERT INTO Address (street_address, postal_code, city_id, province_name) VALUES ('13 Tick', 'V0H0H1', 9, 'British Columbia');
INSERT INTO Address (street_address, postal_code, city_id, province_name) VALUES ('12 Slick', 'V0V0H1', 10, 'British Columbia');
INSERT INTO Address (street_address, postal_code, city_id, province_name) VALUES ('23 Flick', 'C0H0H1', 11, 'Prince Edward Island');
INSERT INTO Address (street_address, postal_code, city_id, province_name) VALUES ('12 Bean', 'S0H0H1', 12, 'Saskatchewan');
INSERT INTO Address (street_address, postal_code, city_id, province_name) VALUES ('13 Wax', 'S0H1H1', 13, 'Saskatchewan');
INSERT INTO Address (street_address, postal_code, city_id, province_name) VALUES ('23 Bazooka', 'S0S0H1', 14, 'Saskatchewan');
INSERT INTO Address (street_address, postal_code, city_id, province_name) VALUES ('13 Pepperoni', 'S0S1H1', 15, 'Saskatchewan');
INSERT INTO Address (street_address, postal_code, city_id, province_name) VALUES ('12 Bolt', 'T0H0H1', 16, 'Alberta');
INSERT INTO Address (street_address, postal_code, city_id, province_name) VALUES ('23 Tuna', 'T0T0H1', 17, 'Alberta');
INSERT INTO Address (street_address, postal_code, city_id, province_name) VALUES ('13 Salmon', 'A0H0H1', 18, 'Newfoundland and Labrador');
INSERT INTO Address (street_address, postal_code, city_id, province_name) VALUES ('12 Camel', 'Y0H0H1', 19, 'Yukon');
INSERT INTO Address (street_address, postal_code, city_id, province_name) VALUES ('23 Shaganoogie', 'X0H0H1', 20, 'Northwest Territories');
INSERT INTO Address (street_address, postal_code, city_id, province_name) VALUES ('12 Robert-Bourassa', 'X0X0H1', 21, 'Nunavut');

INSERT INTO User (username, password, is_admin, role) VALUES ('admin', 'admin', TRUE, 'Admin');
INSERT INTO User (username, password, is_admin, role) VALUES ('funnybunny', 'pw12345', FALSE, 'Sales Associate');
INSERT INTO User (username, password, is_admin, role) VALUES ('carldatank', 'exquizit', FALSE, 'Sales Associate');
INSERT INTO User (username, password, is_admin, role) VALUES ('anita69', 'pw12345', FALSE, 'Sales Associate');
INSERT INTO User (username, password, is_admin, role) VALUES ('curious', 'password', FALSE, 'Guest');
INSERT INTO User (username, password, is_admin, role) VALUES ('man01', 'pw12345', FALSE, 'Manager');
INSERT INTO User (username, password, is_admin, role) VALUES ('man02', 'pw12345', FALSE, 'Manager');
INSERT INTO User (username, password, is_admin, role) VALUES ('man03', 'pw12345', FALSE, 'Manager');
INSERT INTO User (username, password, is_admin, role) VALUES ('man04', 'pw12345', FALSE, 'Manager');
INSERT INTO User (username, password, is_admin, role) VALUES ('man05', 'pw12345', FALSE, 'Manager');
INSERT INTO User (username, password, is_admin, role) VALUES ('man06', 'pw12345', FALSE, 'Manager');
INSERT INTO User (username, password, is_admin, role) VALUES ('man07', 'pw12345', FALSE, 'Manager');
INSERT INTO User (username, password, is_admin, role) VALUES ('man08', 'pw12345', FALSE, 'Manager');
INSERT INTO User (username, password, is_admin, role) VALUES ('man09', 'pw12345', FALSE, 'Manager');
INSERT INTO User (username, password, is_admin, role) VALUES ('man10', 'pw12345', FALSE, 'Manager');
INSERT INTO User (username, password, is_admin, role) VALUES ('man11', 'pw12345', FALSE, 'Manager');
INSERT INTO User (username, password, is_admin, role) VALUES ('man12', 'pw12345', FALSE, 'Manager');
INSERT INTO User (username, password, is_admin, role) VALUES ('man13', 'pw12345', FALSE, 'Manager');
INSERT INTO User (username, password, is_admin, role) VALUES ('man14', 'pw12345', FALSE, 'Manager');
INSERT INTO User (username, password, is_admin, role) VALUES ('man15', 'pw12345', FALSE, 'Manager');
INSERT INTO User (username, password, is_admin, role) VALUES ('man16', 'pw12345', FALSE, 'Manager');
INSERT INTO User (username, password, is_admin, role) VALUES ('man17', 'pw12345', FALSE, 'Manager');
INSERT INTO User (username, password, is_admin, role) VALUES ('man18', 'pw12345', FALSE, 'Manager');
INSERT INTO User (username, password, is_admin, role) VALUES ('man19', 'pw12345', FALSE, 'Manager');
INSERT INTO User (username, password, is_admin, role) VALUES ('man20', 'pw12345', FALSE, 'Manager');
INSERT INTO User (username, password, is_admin, role) VALUES ('emp01', 'pw12345', FALSE, 'Employee');
INSERT INTO User (username, password, is_admin, role) VALUES ('emp02', 'pw12345', FALSE, 'Employee');
INSERT INTO User (username, password, is_admin, role) VALUES ('emp03', 'pw12345', FALSE, 'Employee');
INSERT INTO User (username, password, is_admin, role) VALUES ('emp04', 'pw12345', FALSE, 'Employee');
INSERT INTO User (username, password, is_admin, role) VALUES ('emp05', 'pw12345', FALSE, 'Employee');
INSERT INTO User (username, password, is_admin, role) VALUES ('emp06', 'pw12345', FALSE, 'Employee');
INSERT INTO User (username, password, is_admin, role) VALUES ('emp07', 'pw12345', FALSE, 'Employee');
INSERT INTO User (username, password, is_admin, role) VALUES ('emp08', 'pw12345', FALSE, 'Employee');
INSERT INTO User (username, password, is_admin, role) VALUES ('emp09', 'pw12345', FALSE, 'Employee');
INSERT INTO User (username, password, is_admin, role) VALUES ('emp10', 'pw12345', FALSE, 'Employee');
INSERT INTO User (username, password, is_admin, role) VALUES ('emp11', 'pw12345', FALSE, 'Employee');
INSERT INTO User (username, password, is_admin, role) VALUES ('emp12', 'pw12345', FALSE, 'Employee');
INSERT INTO User (username, password, is_admin, role) VALUES ('emp13', 'pw12345', FALSE, 'Employee');
INSERT INTO User (username, password, is_admin, role) VALUES ('emp14', 'pw12345', FALSE, 'Employee');
INSERT INTO User (username, password, is_admin, role) VALUES ('emp15', 'pw12345', FALSE, 'Employee');
INSERT INTO User (username, password, is_admin, role) VALUES ('emp16', 'pw12345', FALSE, 'Employee');
INSERT INTO User (username, password, is_admin, role) VALUES ('emp17', 'pw12345', FALSE, 'Employee');
INSERT INTO User (username, password, is_admin, role) VALUES ('emp18', 'pw12345', FALSE, 'Employee');
INSERT INTO User (username, password, is_admin, role) VALUES ('emp19', 'pw12345', FALSE, 'Employee');
INSERT INTO User (username, password, is_admin, role) VALUES ('emp20', 'pw12345', FALSE, 'Employee');
INSERT INTO User (username, password, is_admin, role) VALUES ('client01', 'pw12345', FALSE, 'Client');
INSERT INTO User (username, password, is_admin, role) VALUES ('client02', 'pw12345', FALSE, 'Client');
INSERT INTO User (username, password, is_admin, role) VALUES ('client03', 'pw12345', FALSE, 'Client');
INSERT INTO User (username, password, is_admin, role) VALUES ('client04', 'pw12345', FALSE, 'Client');
INSERT INTO User (username, password, is_admin, role) VALUES ('client05', 'pw12345', FALSE, 'Client');
INSERT INTO User (username, password, is_admin, role) VALUES ('client06', 'pw12345', FALSE, 'Client');
INSERT INTO User (username, password, is_admin, role) VALUES ('client07', 'pw12345', FALSE, 'Client');
INSERT INTO User (username, password, is_admin, role) VALUES ('client08', 'pw12345', FALSE, 'Client');
INSERT INTO User (username, password, is_admin, role) VALUES ('client09', 'pw12345', FALSE, 'Client');
INSERT INTO User (username, password, is_admin, role) VALUES ('client10', 'pw12345', FALSE, 'Client');
INSERT INTO User (username, password, is_admin, role) VALUES ('client11', 'pw12345', FALSE, 'Client');
INSERT INTO User (username, password, is_admin, role) VALUES ('client12', 'pw12345', FALSE, 'Client');
INSERT INTO User (username, password, is_admin, role) VALUES ('client13', 'pw12345', FALSE, 'Client');
INSERT INTO User (username, password, is_admin, role) VALUES ('client14', 'pw12345', FALSE, 'Client');
INSERT INTO User (username, password, is_admin, role) VALUES ('client15', 'pw12345', FALSE, 'Client');
INSERT INTO User (username, password, is_admin, role) VALUES ('client16', 'pw12345', FALSE, 'Client');
INSERT INTO User (username, password, is_admin, role) VALUES ('client17', 'pw12345', FALSE, 'Client');
INSERT INTO User (username, password, is_admin, role) VALUES ('client18', 'pw12345', FALSE, 'Client');
INSERT INTO User (username, password, is_admin, role) VALUES ('client19', 'pw12345', FALSE, 'Client');
INSERT INTO User (username, password, is_admin, role) VALUES ('client20', 'pw12345', FALSE, 'Client');

INSERT INTO Client (name, email_domain, province_name, user_id) VALUES ('GSC Corporation', 'gsc.ca', 'Quebec', 46);
INSERT INTO Client (name, email_domain, province_name, user_id) VALUES ('Nike', 'nike.ca', 'Ontario', 47);
INSERT INTO Client (name, email_domain, province_name, user_id) VALUES ('Adidas', 'fakeemail.ca', 'Nova Scotia', 48);
INSERT INTO Client (name, email_domain, province_name, user_id) VALUES ('Jell-O', 'fakeemail.ca', 'New Brunswick', 49);
INSERT INTO Client (name, email_domain, province_name, user_id) VALUES ('WWE', 'fakeemail.ca', 'Manitoba', 50);
INSERT INTO Client (name, email_domain, province_name, user_id) VALUES ('Honda', 'fakeemail.ca', 'British Columbia', 51);
INSERT INTO Client (name, email_domain, province_name, user_id) VALUES ('BMW', 'fakeemail.ca', 'Prince Edward Island', 52);
INSERT INTO Client (name, email_domain, province_name, user_id) VALUES ('Logitech', 'fakeemail.ca', 'Saskatchewan', 53);
INSERT INTO Client (name, email_domain, province_name, user_id) VALUES ('Dell', 'fakeemail.ca', 'Alberta', 54);
INSERT INTO Client (name, email_domain, province_name, user_id) VALUES ('Apple', 'fakeemail.ca', 'Newfoundland and Labrador', 55);
INSERT INTO Client (name, email_domain, province_name, user_id) VALUES ('Zimbabwe Wool', 'fakeemail.ca', 'Yukon', 56);
INSERT INTO Client (name, email_domain, province_name, user_id) VALUES ('Rustech', 'fakeemail.ca', 'Northwest Territories', 57);
INSERT INTO Client (name, email_domain, province_name, user_id) VALUES ('Nintendo', 'fakeemail.ca', 'Nunavut', 58);
INSERT INTO Client (name, email_domain, province_name, user_id) VALUES ('D-Link', 'fakeemail.ca', 'Quebec', 59);
INSERT INTO Client (name, email_domain, province_name, user_id) VALUES ('C-Link', 'fakeemail.ca', 'Quebec', 60);
INSERT INTO Client (name, email_domain, province_name, user_id) VALUES ('G-Link', 'fakeemail.ca', 'Quebec', 61);
INSERT INTO Client (name, email_domain, province_name, user_id) VALUES ('Z-Link', 'fakeemail.ca', 'Quebec', 62);
INSERT INTO Client (name, email_domain, province_name, user_id) VALUES ('Motorola', 'fakeemail.ca', 'Ontario', 63);
INSERT INTO Client (name, email_domain, province_name, user_id) VALUES ('Steeringwheelola', 'fakeemail.ca', 'Ontario', 64);
INSERT INTO Client (name, email_domain, province_name, user_id) VALUES ('Leatherseatola', 'fakeemail.ca', 'Ontario', 65);

INSERT INTO Employee (first_name, last_name, department_id, insurance_type, province_name, user_id) VALUES ('Dave', 'Gold', 1, 'Premium', 'Quebec', 6);
INSERT INTO Employee (first_name, last_name, department_id, insurance_type, province_name, user_id) VALUES ('Dan', 'Goldi', 2, 'Premium', 'Quebec', 7);
INSERT INTO Employee (first_name, last_name, department_id, insurance_type, province_name, user_id) VALUES ('Kevin', 'Goldie', 3, 'Premium', 'Quebec', 8);
INSERT INTO Employee (first_name, last_name, department_id, insurance_type, province_name, user_id) VALUES ('Carl', 'Golden', 4, 'Premium', 'Quebec', 9);
INSERT INTO Employee (first_name, last_name, department_id, insurance_type, province_name, user_id) VALUES ('Carl', 'Goldo', 5, 'Premium', 'Ontario', 10);
INSERT INTO Employee (first_name, last_name, department_id, insurance_type, province_name, user_id) VALUES ('Karl', 'Golder', 6, 'Silver', 'Ontario', 11);
INSERT INTO Employee (first_name, last_name, department_id, insurance_type, province_name, user_id) VALUES ('Karl', 'Goldust', 7, 'Silver', 'Nunavut', 12);
INSERT INTO Employee (first_name, last_name, department_id, insurance_type, province_name, user_id) VALUES ('Ckarl', 'Goldawaka', 8, 'Silver', 'Northwest Territories', 13);
INSERT INTO Employee (first_name, last_name, department_id, insurance_type, province_name, user_id) VALUES ('Ckarl', 'Gold-Silver', 9, 'Silver', 'Yukon', 14);
INSERT INTO Employee (first_name, last_name, department_id, insurance_type, province_name, user_id) VALUES ('Carrl', 'Goldink', 10, 'Silver', 'Newfoundland and Labrador', 15);
INSERT INTO Employee (first_name, last_name, department_id, insurance_type, province_name, user_id) VALUES ('Carrl', 'Goldan', 11, 'Normal', 'Alberta', 16);
INSERT INTO Employee (first_name, last_name, department_id, insurance_type, province_name, user_id) VALUES ('Carlie', 'Gold', 12, 'Normal', 'Saskatchewan', 17);
INSERT INTO Employee (first_name, last_name, department_id, insurance_type, province_name, user_id) VALUES ('Karlie', 'Gold', 13, 'Normal', 'Saskatchewan', 18);
INSERT INTO Employee (first_name, last_name, department_id, insurance_type, province_name, user_id) VALUES ('Karly', 'Gold-Meyers', 14, 'Normal', 'Prince Edward Island', 19);
INSERT INTO Employee (first_name, last_name, department_id, insurance_type, province_name, user_id) VALUES ('Carl-E', 'Android', 15, 'Normal', 'British Columbia', 20);
INSERT INTO Employee (first_name, last_name, department_id, insurance_type, province_name, user_id) VALUES ('Car-Lee', 'Lee', 16, 'Manitoba', 21);
INSERT INTO Employee (first_name, last_name, department_id, insurance_type, province_name, user_id) VALUES ('Car', 'Lee', 17, 'New Brunswick', 22);
INSERT INTO Employee (first_name, last_name, department_id, insurance_type, province_name, user_id) VALUES ('Lamar', 'LeFunk', 18, 'Nova Scotia', 23);
INSERT INTO Employee (first_name, last_name, department_id, insurance_type, province_name, user_id) VALUES ('LaQwonda', 'GaNeesha', 19, 'Nova Scotia', 24);
INSERT INTO Employee (first_name, last_name, department_id, insurance_type, province_name, user_id) VALUES ('Felicia', 'Kitty', 20, 'Nova Scotia', 25);
INSERT INTO Employee (first_name, last_name, department_id, insurance_type, province_name, user_id) VALUES ('Steve', 'Gold', 1, 'Premium', 'Quebec', 26);
INSERT INTO Employee (first_name, last_name, department_id, insurance_type, province_name, user_id) VALUES ('Steeve', 'Gold', 2, 'Premium', 'Ontario', 27);
INSERT INTO Employee (first_name, last_name, department_id, insurance_type, province_name, user_id) VALUES ('Steeeve', 'Gold', 3, 'Premium', 'Nova Scotia', 28);
INSERT INTO Employee (first_name, last_name, department_id, insurance_type, province_name, user_id) VALUES ('Steeeeve', 'Gold', 4, 'Premium', 'New Brunswick', 29);
INSERT INTO Employee (first_name, last_name, department_id, insurance_type, province_name, user_id) VALUES ('Steeeeeve', 'Gold', 5, 'Premium', 'Manitoba', 30);
INSERT INTO Employee (first_name, last_name, department_id, insurance_type, province_name, user_id) VALUES ('Steeeeeeve', 'Gold', 6, 'Silver', 'British Columbia', 31);
INSERT INTO Employee (first_name, last_name, department_id, insurance_type, province_name, user_id) VALUES ('Stevee', 'Gold', 7, 'Silver', 'Prince Edward Island', 32);
INSERT INTO Employee (first_name, last_name, department_id, insurance_type, province_name, user_id) VALUES ('Steveee', 'Gold', 8, 'Silver', 'Saskatchewan', 33);
INSERT INTO Employee (first_name, last_name, department_id, insurance_type, province_name, user_id) VALUES ('Steveeee', 'Gold', 9, 'Silver', 'Alberta', 34);
INSERT INTO Employee (first_name, last_name, department_id, insurance_type, province_name, user_id) VALUES ('Steveeeee', 'Gold', 10, 'Silver', 'Newfoundland and Labrador', 35);
INSERT INTO Employee (first_name, last_name, department_id, insurance_type, province_name, user_id) VALUES ('Steveeeeee', 'Gold', 11, 'Normal', 'Yukon', 36);
INSERT INTO Employee (first_name, last_name, department_id, insurance_type, province_name, user_id) VALUES ('Steevee', 'Gold', 12, 'Normal', 'Northwest Territories', 37);
INSERT INTO Employee (first_name, last_name, department_id, insurance_type, province_name, user_id) VALUES ('Steeevee', 'Gold', 13, 'Normal', 'Nunavut', 38);
INSERT INTO Employee (first_name, last_name, department_id, insurance_type, province_name, user_id) VALUES ('Steeveee', 'Gold', 14, 'Normal', 'Quebec', 39);
INSERT INTO Employee (first_name, last_name, department_id, insurance_type, province_name, user_id) VALUES ('Steeeveee', 'Gold', 15, 'Normal', 'Quebec', 40);
INSERT INTO Employee (first_name, last_name, department_id, insurance_type, province_name, user_id) VALUES ('Steeeeveee', 'Gold', 16, 'Quebec', 41);
INSERT INTO Employee (first_name, last_name, department_id, insurance_type, province_name, user_id) VALUES ('Steeeveeee', 'Gold', 17, 'Quebec', 42);
INSERT INTO Employee (first_name, last_name, department_id, insurance_type, province_name, user_id) VALUES ('Steeeeveeee', 'Gold', 18, 'Ontario', 43);
INSERT INTO Employee (first_name, last_name, department_id, insurance_type, province_name, user_id) VALUES ('Steven', 'Gold', 19, 'Ontario', 44);
INSERT INTO Employee (first_name, last_name, department_id, insurance_type, province_name, user_id) VALUES ('Stephen', 'Gold', 20, 'Ontario', 45);

INSERT INTO works_in (client_id, line_id, business_line) VALUES (1, 16, 'Contracts');
INSERT INTO works_in (client_id, line_id, business_line) VALUES (2, 17, 'Repairs');
INSERT INTO works_in (client_id, line_id, business_line) VALUES (3, 18, 'Hiring');
INSERT INTO works_in (client_id, line_id, business_line) VALUES (4, 19, 'Education');
INSERT INTO works_in (client_id, line_id, business_line) VALUES (5, 20, 'Shipping');
INSERT INTO works_in (client_id, line_id, business_line) VALUES (6, 16, 'Contracts');
INSERT INTO works_in (client_id, line_id, business_line) VALUES (7, 17, 'Repairs');
INSERT INTO works_in (client_id, line_id, business_line) VALUES (8, 18, 'Hiring');
INSERT INTO works_in (client_id, line_id, business_line) VALUES (9, 19, 'Education');
INSERT INTO works_in (client_id, line_id, business_line) VALUES (10, 20, 'Shipping');
INSERT INTO works_in (client_id, line_id, business_line) VALUES (11, 16, 'Contracts');
INSERT INTO works_in (client_id, line_id, business_line) VALUES (12, 17, 'Repairs');
INSERT INTO works_in (client_id, line_id, business_line) VALUES (13, 18, 'Hiring');
INSERT INTO works_in (client_id, line_id, business_line) VALUES (14, 19, 'Education');
INSERT INTO works_in (client_id, line_id, business_line) VALUES (15, 20, 'Shipping');
INSERT INTO works_in (client_id, line_id, business_line) VALUES (16, 16, 'Contracts');
INSERT INTO works_in (client_id, line_id, business_line) VALUES (17, 17, 'Repairs');
INSERT INTO works_in (client_id, line_id, business_line) VALUES (18, 18, 'Hiring');
INSERT INTO works_in (client_id, line_id, business_line) VALUES (19, 19, 'Education');
INSERT INTO works_in (client_id, line_id, business_line) VALUES (20, 20, 'Shipping');

INSERT INTO Contract (acv, initial_amount, recorded_by, start_date, client_satisfaction, department_id, client_id, business_line, contract_type) VALUES (1345678.75, 123478, 1, '2017-1-04', 10, 1, 1, 'Contracts', 'Premium');
INSERT INTO Contract (acv, initial_amount, recorded_by, start_date, client_satisfaction, department_id, client_id, business_line, contract_type) VALUES (1234678.75, 123678, 1, '2017-2-04', 8, 2, 2, 'Repairs', 'Premium');
INSERT INTO Contract (acv, initial_amount, recorded_by, start_date, client_satisfaction, department_id, client_id, business_line, contract_type) VALUES (2345678.75, 125678.75, 1, '2017-3-04', 10, 3, 3, 'Hiring', 'Premium');
INSERT INTO Contract (acv, initial_amount, recorded_by, start_date, client_satisfaction, department_id, client_id, business_line, contract_type) VALUES (12345678.75, 123678.50, 1, '2017-4-04', 8, 4, 4, 'Education', 'Premium');
INSERT INTO Contract (acv, initial_amount, recorded_by, start_date, client_satisfaction, department_id, client_id, business_line, contract_type) VALUES (1234568.75, 234678.25, 1, '2017-5-04', 5, 5, 'Shipping', 'Premium');
INSERT INTO Contract (acv, initial_amount, recorded_by, start_date, client_satisfaction, department_id, client_id, business_line, contract_type) VALUES (12345678.75, 134578.75, 1, '2017-6-04', 6, 6, 6, 'Contracts', 'Diamond');
INSERT INTO Contract (acv, initial_amount, recorded_by, start_date, client_satisfaction, department_id, client_id, business_line, contract_type) VALUES (1234578.75, 123458, 1, '2017-7-04', 7, 7, 7, 'Repairs', 'Diamond');
INSERT INTO Contract (acv, initial_amount, recorded_by, start_date, client_satisfaction, department_id, client_id, business_line, contract_type) VALUES (1235678.75, 125678, 2, '2017-7-04', 8, 8, 8, 'Hiring', 'Diamond');
INSERT INTO Contract (acv, initial_amount, recorded_by, start_date, client_satisfaction, department_id, client_id, business_line, contract_type) VALUES (1234678.75, 125678, 2, '2017-7-04', 10, 9, 9, 'Education', 'Diamond');
INSERT INTO Contract (acv, initial_amount, recorded_by, start_date, client_satisfaction, department_id, client_id, business_line, contract_type) VALUES (1234568.75, 123478, 2, '2017-7-04', 10, 10, 'Shipping', 'Diamond');
INSERT INTO Contract (acv, initial_amount, recorded_by, start_date, client_satisfaction, department_id, client_id, business_line, contract_type) VALUES (1245678.75, 123456, 2, '2017-7-04', 11, 11, 'Contracts', 'Gold');
INSERT INTO Contract (acv, initial_amount, recorded_by, start_date, client_satisfaction, department_id, client_id, business_line, contract_type) VALUES (1235678.75, 145678, 2, '2017-7-04', 12, 12, 'Repairs', 'Gold');
INSERT INTO Contract (acv, initial_amount, recorded_by, start_date, client_satisfaction, department_id, client_id, business_line, contract_type) VALUES (1234678.75, 125678, 2, '2017-7-04', 10, 13, 13, 'Hiring', 'Gold');
INSERT INTO Contract (acv, initial_amount, recorded_by, start_date, client_satisfaction, department_id, client_id, business_line, contract_type) VALUES (1345678.75, 123458, 3, '2017-7-04', 10, 14, 14, 'Education', 'Gold');
INSERT INTO Contract (acv, initial_amount, recorded_by, start_date, client_satisfaction, department_id, client_id, business_line, contract_type) VALUES (1235678.75, 123678.75, 3, '2017-7-04', 10, 15, 15, 'Shipping', 'Gold');
INSERT INTO Contract (acv, initial_amount, recorded_by, start_date, client_satisfaction, department_id, client_id, business_line, contract_type) VALUES (1234568.75, 145678.75, 3, '2017-8-04', 10, 16, 16, 'Contracts', 'Silver');
INSERT INTO Contract (acv, initial_amount, recorded_by, start_date, client_satisfaction, department_id, client_id, business_line, contract_type) VALUES (1234578.75, 145678.75, 3, '2017-9-04', 5, 17, 17, 'Repairs', 'Silver');
INSERT INTO Contract (acv, initial_amount, recorded_by, start_date, client_satisfaction, department_id, client_id, business_line, contract_type) VALUES (1245678.75, 345678.75, 3, '2017-10-04', 7, 18, 18, 'Hiring', 'Silver');
INSERT INTO Contract (acv, initial_amount, recorded_by, start_date, client_satisfaction, department_id, client_id, business_line, contract_type) VALUES (1235678.75, 123478.75, 3, '2017-11-04', 19, 19, 'Education', 'Silver');
INSERT INTO Contract (acv, initial_amount, recorded_by, start_date, client_satisfaction, department_id, client_id, business_line, contract_type) VALUES (2345678.75, 123467.75, 3, '2017-12-04', 20, 20, 'Shipping', 'Silver');

INSERT INTO Manager (id, email, phone_number, middle_initial) VALUES (1, 'a@a.a', '514-555-5555', 'A');
INSERT INTO Manager (id, email, phone_number, middle_initial) VALUES (2, 'a@a.a', '514-555-5555');
INSERT INTO Manager (id, email, phone_number, middle_initial) VALUES (3, 'a@a.a', '514-555-5555');
INSERT INTO Manager (id, email, phone_number, middle_initial) VALUES (4, 'a@a.a', '514-555-5555');
INSERT INTO Manager (id, email, phone_number, middle_initial) VALUES (5, 'a@a.a', '514-555-5555');
INSERT INTO Manager (id, email, phone_number, middle_initial) VALUES (6, 'a@a.a', '514-555-5555', 'G');
INSERT INTO Manager (id, email, phone_number, middle_initial) VALUES (7, 'a@a.a', '514-555-5555', 'H');
INSERT INTO Manager (id, email, phone_number, middle_initial) VALUES (8, 'a@a.a', '514-555-5555', 'G');
INSERT INTO Manager (id, email, phone_number, middle_initial) VALUES (9, 'a@a.a', '514-555-5555', 'Z');
INSERT INTO Manager (id, email, phone_number, middle_initial) VALUES (10, 'a@a.a', '514-555-5555');
INSERT INTO Manager (id, email, phone_number, middle_initial) VALUES (11, 'a@a.a', '514-555-5555');
INSERT INTO Manager (id, email, phone_number, middle_initial) VALUES (12, 'a@a.a', '514-555-5555');
INSERT INTO Manager (id, email, phone_number, middle_initial) VALUES (13, 'a@a.a', '514-555-5555', 'B');
INSERT INTO Manager (id, email, phone_number, middle_initial) VALUES (14, 'a@a.a', '514-555-5555', 'K');
INSERT INTO Manager (id, email, phone_number, middle_initial) VALUES (15, 'a@a.a', '514-555-5555');
INSERT INTO Manager (id, email, phone_number, middle_initial) VALUES (16, 'a@a.a', '514-555-5555');
INSERT INTO Manager (id, email, phone_number, middle_initial) VALUES (17, 'a@a.a', '514-555-5555');
INSERT INTO Manager (id, email, phone_number, middle_initial) VALUES (18, 'a@a.a', '514-555-5555', 'M');
INSERT INTO Manager (id, email, phone_number, middle_initial) VALUES (19, 'a@a.a', '514-555-5555', 'G');
INSERT INTO Manager (id, email, phone_number, middle_initial) VALUES (20, 'a@a.a', '514-555-5555', 'C');

INSERT INTO Hours (date_worked, hours_worked, contract_id, employee_id) VALUES ('2017-1-05', 073000, 1, 21);
INSERT INTO Hours (date_worked, hours_worked, contract_id, employee_id) VALUES ('2017-1-05', 080000, 1, 22);
INSERT INTO Hours (date_worked, hours_worked, contract_id, employee_id) VALUES ('2017-3-05', 073000, 3, 23);
INSERT INTO Hours (date_worked, hours_worked, contract_id, employee_id) VALUES ('2017-1-06', 073000, 1, 24);
INSERT INTO Hours (date_worked, hours_worked, contract_id, employee_id) VALUES ('2017-1-05', 073000, 1, 25);
INSERT INTO Hours (date_worked, hours_worked, contract_id, employee_id) VALUES ('2017-6-05', 073000, 6, 26);
INSERT INTO Hours (date_worked, hours_worked, contract_id, employee_id) VALUES ('2017-7-05', 073000, 7, 27);
INSERT INTO Hours (date_worked, hours_worked, contract_id, employee_id) VALUES ('2017-7-05', 073000, 8, 28);
INSERT INTO Hours (date_worked, hours_worked, contract_id, employee_id) VALUES ('2017-7-05', 073000, 8, 29);
INSERT INTO Hours (date_worked, hours_worked, contract_id, employee_id) VALUES ('2017-7-05', 080000, 10, 30);
INSERT INTO Hours (date_worked, hours_worked, contract_id, employee_id) VALUES ('2017-7-05', 073000, 11, 31);
INSERT INTO Hours (date_worked, hours_worked, contract_id, employee_id) VALUES ('2017-7-05', 073000, 11, 32);
INSERT INTO Hours (date_worked, hours_worked, contract_id, employee_id) VALUES ('2017-7-05', 073000, 13, 33);
INSERT INTO Hours (date_worked, hours_worked, contract_id, employee_id) VALUES ('2017-7-05', 073000, 13, 34);
INSERT INTO Hours (date_worked, hours_worked, contract_id, employee_id) VALUES ('2017-7-05', 073000, 15, 35);
INSERT INTO Hours (date_worked, hours_worked, contract_id, employee_id) VALUES ('2017-8-05', 073000, 16, 36);
INSERT INTO Hours (date_worked, hours_worked, contract_id, employee_id) VALUES ('2017-9-05', 073000, 17, 37);
INSERT INTO Hours (date_worked, hours_worked, contract_id, employee_id) VALUES ('2017-10-05', 073000, 18, 38);
INSERT INTO Hours (date_worked, hours_worked, contract_id, employee_id) VALUES ('2017-11-05', 073000, 19, 39);
INSERT INTO Hours (date_worked, hours_worked, contract_id, employee_id) VALUES ('2017-12-05', 073000, 20, 40);

INSERT INTO Manages (contract_id, manager_id) VALUES (1, 1);
INSERT INTO Manages (contract_id, manager_id) VALUES (2, 2);
INSERT INTO Manages (contract_id, manager_id) VALUES (3, 3);
INSERT INTO Manages (contract_id, manager_id) VALUES (4, 4);
INSERT INTO Manages (contract_id, manager_id) VALUES (5, 5);
INSERT INTO Manages (contract_id, manager_id) VALUES (6, 6);
INSERT INTO Manages (contract_id, manager_id) VALUES (7, 7);
INSERT INTO Manages (contract_id, manager_id) VALUES (8, 8);
INSERT INTO Manages (contract_id, manager_id) VALUES (9, 9);
INSERT INTO Manages (contract_id, manager_id) VALUES (10, 10);
INSERT INTO Manages (contract_id, manager_id) VALUES (11, 11);
INSERT INTO Manages (contract_id, manager_id) VALUES (12, 12);
INSERT INTO Manages (contract_id, manager_id) VALUES (13, 13);
INSERT INTO Manages (contract_id, manager_id) VALUES (14, 14);
INSERT INTO Manages (contract_id, manager_id) VALUES (15, 15);
INSERT INTO Manages (contract_id, manager_id) VALUES (16, 16);
INSERT INTO Manages (contract_id, manager_id) VALUES (17, 17);
INSERT INTO Manages (contract_id, manager_id) VALUES (18, 18);
INSERT INTO Manages (contract_id, manager_id) VALUES (19, 19);
INSERT INTO Manages (contract_id, manager_id) VALUES (20, 20);

INSERT INTO Supervises (manager_id, employee_id) VALUES (1, 21);
INSERT INTO Supervises (manager_id, employee_id) VALUES (1, 22);
INSERT INTO Supervises (manager_id, employee_id) VALUES (3, 23);
INSERT INTO Supervises (manager_id, employee_id) VALUES (1, 24);
INSERT INTO Supervises (manager_id, employee_id) VALUES (1, 25);
INSERT INTO Supervises (manager_id, employee_id) VALUES (6, 26);
INSERT INTO Supervises (manager_id, employee_id) VALUES (7, 27);
INSERT INTO Supervises (manager_id, employee_id) VALUES (8, 28);
INSERT INTO Supervises (manager_id, employee_id) VALUES (8, 29);
INSERT INTO Supervises (manager_id, employee_id) VALUES (10, 30);
INSERT INTO Supervises (manager_id, employee_id) VALUES (11, 31);
INSERT INTO Supervises (manager_id, employee_id) VALUES (11, 32);
INSERT INTO Supervises (manager_id, employee_id) VALUES (13, 33);
INSERT INTO Supervises (manager_id, employee_id) VALUES (13, 34);
INSERT INTO Supervises (manager_id, employee_id) VALUES (15, 35);
INSERT INTO Supervises (manager_id, employee_id) VALUES (16, 36);
INSERT INTO Supervises (manager_id, employee_id) VALUES (17, 37);
INSERT INTO Supervises (manager_id, employee_id) VALUES (18, 38);
INSERT INTO Supervises (manager_id, employee_id) VALUES (19, 39);
INSERT INTO Supervises (manager_id, employee_id) VALUES (20, 40);